team_name,, 
Arizona Cardinals,,
Atlanta Falcons,,
Baltimore Colts,,
Baltimore Ravens,,
Boston Patriots,,
Buffalo Bills,,
Carolina Panthers,,
Chicago Bears,,
Cincinnati Bengals,,
Cleveland Browns,,
Dallas Cowboys,,
Denver Broncos,,
Detroit Lions,,
Green Bay Packers,,
Houston Oilers,,
Houston Texans,,
Indianapolis Colts,,
Jacksonville Jaguars,,
Kansas City Chiefs,,
Las Vegas Raiders,,
Los Angeles Chargers,,
Los Angeles Raiders,,
Los Angeles Rams,,
Miami Dolphins,,
Minnesota Vikings,,
New England Patriots,,
New Orleans Saints,,
New York Giants,,
New York Jets,,
Oakland Raiders,,
Philadelphia Eagles,,
Phoenix Cardinals,,
Pittsburgh Steelers,,
San Diego Chargers,,
San Francisco 49ers,,
Seattle Seahawks,,
St. Louis Cardinals,,
St. Louis Rams,,
Tampa Bay Buccaneers,,
Tennessee Oilers,,
Tennessee Titans,,
Washington Commanders,,
Washington Football Team,,
Washington Redskins,,
